Workbook

Sheet Data Transaksi Servis
A1: No | B1: ID Transaksi | C1: Tanggal | D1: Nama Dealer | E1: Kota | F1: Provinsi | G1: Jenis Layanan | H1: Kategori AC | I1: Nama Teknisi | J1: Sertifikasi Teknisi | K1: Merek Kendaraan | L1: Tipe Kendaraan | M1: Tahun Kendaraan | N1: Durasi Servis (jam) | O1: Biaya Jasa (Rp) | P1: Biaya Suku Cadang (Rp) | Q1: Total Biaya (Rp) | R1: Rating Kepuasan | S1: Status Penyelesaian | T1: Keterangan
A2: 1 | B2: MTO-202401-0001 | C2: 2024-01-17 | D2: Auto2000 Tangerang Selatan | E2: Tangerang Selatan | F2: Banten | G2: Servis Non-AC (Tune Up) | H2: Non-AC | I2: Ahmad Fauzi | J2: ATC Level 2 | K2: Suzuki | L2: XL7 | M2: 2018 | N2: 1.3 | O2: 254000 | P2: 1435000 | Q2: =O2+P2 | R2: 4.6 | S2: Selesai | T2: Garansi komponen baru
A3: 2 | B3: MTO-202502-0002 | C3: 2025-02-18 | D3: Auto2000 Jakarta Selatan | E3: Jakarta Selatan | F3: DKI Jakarta | G3: Servis Non-AC (Tune Up) | H3: Non-AC | I3: Dwi Rahmadi | J3: ATC Level 2 | K3: Mitsubishi | L3: Xpander | M3: 2023 | N3: 1.6 | O3: 815000 | P3: 1486000 | Q3: =O3+P3 | R3: 4.3 | S3: Selesai | T3: Servis darurat - kendaraan mogok
A4: 3 | B4: MTO-202411-0003 | C4: 2024-11-05 | D4: Mitsubishi Bogor Pajajaran | E4: Bogor | F4: Jawa Barat | G4: Servis AC Mobil | H4: AC | I4: Cahyo Purnomo | J4: ATC Level 3 | K4: Wuling | L4: Confero | M4: 2019 | N4: 1.4 | O4: 494000 | P4: 259000 | Q4: =O4+P4 | R4: 3.6 | S4: Selesai | T4: Tindak lanjut servis sebelumnya
A5: 4 | B5: MTO-202412-0004 | C5: 2024-12-26 | D5: Toyota Yogyakarta Magelang | E5: Yogyakarta | F5: DI Yogyakarta | G5: Servis AC Mobil | H5: AC | I5: Hendra Wijaya | J5: ATC Level 1 | K5: Honda | L5: HR-V | M5: 2016 | N5: 3.5 | O5: 793000 | P5: 1316000 | Q5: =O5+P5 | R5: 4.8 | S5: Selesai | T5: Inspeksi berkala 10.000 km
A6: 5 | B6: MTO-202407-0005 | C6: 2024-07-08 | D6: Nasmoco Semarang Pemuda | E6: Semarang | F6: Jawa Tengah | G6: Servis AC Mobil | H6: AC | I6: Dwi Rahmadi | J6: ATC Level 2 | K6: Suzuki | L6: Ertiga | M6: 2018 | N6: 5.3 | O6: 539000 | P6: 619000 | Q6: =O6+P6 | R6: 4.2 | S6: Selesai | T6: Penggantian komponen aus
A7: 6 | B7: MTO-202412-0006 | C7: 2024-12-16 | D7: Mitsubishi Medan Gatsu | E7: Medan | F7: Sumatera Utara | G7: Pemeriksaan Kelistrikan | H7: Non-AC | I7: Eko Prasetyo | J7: ATC Level 1 | K7: Honda | L7: Mobilio | M7: 2017 | N7: 3.4 | O7: 400000 | P7: 384000 | Q7: =O7+P7 | R7: 4.2 | S7: Selesai | T7: Inspeksi berkala 10.000 km
A8: 7 | B8: MTO-202404-0007 | C8: 2024-04-18 | D8: Mitsubishi Medan Gatsu | E8: Medan | F8: Sumatera Utara | G8: Servis AC Mobil | H8: AC | I8: Dwi Rahmadi | J8: ATC Level 2 | K8: Toyota | L8: Fortuner | M8: 2021 | N8: 2 | O8: 366000 | P8: 1920000 | Q8: =O8+P8 | R8: 4.9 | S8: Selesai | T8: Tindak lanjut servis sebelumnya
A9: 8 | B9: MTO-202407-0008 | C9: 2024-07-04 | D9: Auto2000 Tangerang Selatan | E9: Tangerang Selatan | F9: Banten | G9: Pembersihan Evaporator | H9: AC | I9: Gunawan Hadi | J9: ATC Level 3 | K9: Hyundai | L9: Ioniq 5 | M9: 2019 | N9: 1.3 | O9: 724000 | P9: 1153000 | Q9: =O9+P9 | R9: 3.9 | S9: Dalam Proses | T9: Garansi komponen baru
A10: 9 | B10: MTO-202407-0009 | C10: 2024-07-16 | D10: Honda Surabaya Center | E10: Surabaya | F10: Jawa Timur | G10: Ganti Oli & Filter | H10: AC | I10: Irfan Maulana | J10: ATC Level 2 | K10: Hyundai | L10: Creta | M10: 2015 | N10: 5.2 | O10: 306000 | P10: 1335000 | Q10: =O10+P10 | R10: 3.7 | S10: Selesai | T10: Keluhan pelanggan - AC kurang dingin
A11: 10 | B11: MTO-202402-0010 | C11: 2024-02-27 | D11: Nissan Makassar Urip | E11: Makassar | F11: Sulawesi Selatan | G11: Pembersihan Evaporator | H11: AC | I11: Irfan Maulana | J11: ATC Level 2 | K11: Suzuki | L11: Carry | M11: 2015 | N11: 4.2 | O11: 267000 | P11: 1446000 | Q11: =O11+P11 | R11: 4.8 | S11: Selesai | T11: Tindak lanjut servis sebelumnya
A12: 11 | B12: MTO-202503-0011 | C12: 2025-03-06 | D12: Toyota Yogyakarta Magelang | E12: Yogyakarta | F12: DI Yogyakarta | G12: Overhaul AC | H12: AC | I12: Cahyo Purnomo | J12: ATC Level 3 | K12: Hyundai | L12: Creta | M12: 2019 | N12: 5.8 | O12: 332000 | P12: 1089000 | Q12: =O12+P12 | R12: 4.9 | S12: Selesai | T12: Servis darurat - kendaraan mogok
A13: 12 | B13: MTO-202409-0012 | C13: 2024-09-07 | D13: Auto2000 Tangerang Selatan | E13: Tangerang Selatan | F13: Banten | G13: Servis Transmisi | H13: Non-AC | I13: Joko Susilo | J13: ATC Level 1 | K13: Mitsubishi | L13: Pajero Sport | M13: 2020 | N13: 4.7 | O13: 702000 | P13: 1644000 | Q13: =O13+P13 | R13: 4.9 | S13: Selesai | T13: Tindak lanjut servis sebelumnya
... A101: 100 | B101: MTO-202406-0100 | C101: 2024-06-13 | D101: Auto2000 Tangerang Selatan | E101: Tangerang Selatan | F101: Banten | G101: Servis AC Mobil | H101: AC | I101: Ahmad Fauzi | J101: ATC Level 2 | K101: Hyundai | L101: Santa Fe | M101: 2021 | N101: 4.3 | O101: 652000 | P101: 1508000 | Q101: =O101+P101 | R101: 4.9 | S101: Selesai | T101: Keluhan pelanggan - AC kurang dingin

Sheet Ringkasan KPI
A1: DASHBOARD KPI - MITRA TEKNIK OTOMOTIF
A2: Periode: Januari 2024 - Juni 2025 | Data Portofolio Analisis Junior Analyst
A4: VOLUME & OPERASIONAL | D4: KEUANGAN
A5: Total Transaksi | B5: =COUNTA('Data Transaksi Servis'!B2:B101) | D5: Total Pendapatan | E5: =SUM('Data Transaksi Servis'!Q2:Q101)
A6: Transaksi Selesai | B6: =COUNTIF('Data Transaksi Servis'!S2:S101,"Selesai") | D6: Total Biaya Jasa | E6: =SUM('Data Transaksi Servis'!O2:O101)
A7: Transaksi Pending | B7: =COUNTIF('Data Transaksi Servis'!S2:S101,"Pending") | D7: Total Biaya Suku Cadang | E7: =SUM('Data Transaksi Servis'!P2:P101)
A8: Jumlah Dealer Aktif | B8: =COUNTA(UNIQUE('Data Transaksi Servis'!D2:D101)) | D8: Rata-rata Biaya per Transaksi | E8: =AVERAGE('Data Transaksi Servis'!Q2:Q101)
A9: Rata-rata Durasi Servis | B9: =AVERAGE('Data Transaksi Servis'!N2:N101) | D9: Pendapatan Tertinggi | E9: =MAX('Data Transaksi Servis'!Q2:Q101)
A10: Rata-rata Rating Kepuasan | B10: =AVERAGE('Data Transaksi Servis'!R2:R101) | D10: Pendapatan Terendah | E10: =MIN('Data Transaksi Servis'!Q2:Q101)
A12: RINGKASAN PER JENIS LAYANAN
A13: Jenis Layanan | B13: Jumlah Transaksi | C13: % dari Total | D13: Total Pendapatan (Rp) | E13: Rata-rata Kepuasan | F13: Kategori
A14: Servis AC Mobil | B14: =COUNTIF('Data Transaksi Servis'!G2:G101,"Servis AC Mobil") | C14: =B14/B5*100 | D14: =SUMIF('Data Transaksi Servis'!G2:G101,"Servis AC Mobil",'Data Transaksi Servis'!Q2:Q101) | E14: =AVERAGEIF('Data Transaksi Servis'!G2:G101,"Servis AC Mobil",'Data Transaksi Servis'!R2:R101) | F14: AC
A15: Ganti Freon AC | B15: =COUNTIF('Data Transaksi Servis'!G2:G101,"Ganti Freon AC") | C15: =B15/B5*100 | D15: =SUMIF('Data Transaksi Servis'!G2:G101,"Ganti Freon AC",'Data Transaksi Servis'!Q2:Q101) | E15: =AVERAGEIF('Data Transaksi Servis'!G2:G101,"Ganti Freon AC",'Data Transaksi Servis'!R2:R101) | F15: AC
A16: Overhaul AC | B16: =COUNTIF('Data Transaksi Servis'!G2:G101,"Overhaul AC") | C16: =B16/B5*100 | D16: =SUMIF('Data Transaksi Servis'!G2:G101,"Overhaul AC",'Data Transaksi Servis'!Q2:Q101) | E16: =AVERAGEIF('Data Transaksi Servis'!G2:G101,"Overhaul AC",'Data Transaksi Servis'!R2:R101) | F16: AC
A17: Pembersihan Evaporator | B17: =COUNTIF('Data Transaksi Servis'!G2:G101,"Pembersihan Evaporator") | C17: =B17/B5*100 | D17: =SUMIF('Data Transaksi Servis'!G2:G101,"Pembersihan Evaporator",'Data Transaksi Servis'!Q2:Q101) | E17: =AVERAGEIF('Data Transaksi Servis'!G2:G101,"Pembersihan Evaporator",'Data Transaksi Servis'!R2:R101) | F17: AC
A18: Servis Non-AC (Tune Up) | B18: =COUNTIF('Data Transaksi Servis'!G2:G101,"Servis Non-AC (Tune Up)") | C18: =B18/B5*100 | D18: =SUMIF('Data Transaksi Servis'!G2:G101,"Servis Non-AC (Tune Up)",'Data Transaksi Servis'!Q2:Q101) | E18: =AVERAGEIF('Data Transaksi Servis'!G2:G101,"Servis Non-AC (Tune Up)",'Data Transaksi Servis'!R2:R101) | F18: Non-AC
A19: Ganti Oli & Filter | B19: =COUNTIF('Data Transaksi Servis'!G2:G101,"Ganti Oli & Filter") | C19: =B19/B5*100 | D19: =SUMIF('Data Transaksi Servis'!G2:G101,"Ganti Oli & Filter",'Data Transaksi Servis'!Q2:Q101) | E19: =AVERAGEIF('Data Transaksi Servis'!G2:G101,"Ganti Oli & Filter",'Data Transaksi Servis'!R2:R101) | F19: Non-AC
A20: Servis Rem | B20: =COUNTIF('Data Transaksi Servis'!G2:G101,"Servis Rem") | C20: =B20/B5*100 | D20: =SUMIF('Data Transaksi Servis'!G2:G101,"Servis Rem",'Data Transaksi Servis'!Q2:Q101) | E20: =AVERAGEIF('Data Transaksi Servis'!G2:G101,"Servis Rem",'Data Transaksi Servis'!R2:R101) | F20: Non-AC
A21: Pemeriksaan Kelistrikan | B21: =COUNTIF('Data Transaksi Servis'!G2:G101,"Pemeriksaan Kelistrikan") | C21: =B21/B5*100 | D21: =SUMIF('Data Transaksi Servis'!G2:G101,"Pemeriksaan Kelistrikan",'Data Transaksi Servis'!Q2:Q101) | E21: =AVERAGEIF('Data Transaksi Servis'!G2:G101,"Pemeriksaan Kelistrikan",'Data Transaksi Servis'!R2:R101) | F21: Non-AC
A22: Servis Transmisi | B22: =COUNTIF('Data Transaksi Servis'!G2:G101,"Servis Transmisi") | C22: =B22/B5*100 | D22: =SUMIF('Data Transaksi Servis'!G2:G101,"Servis Transmisi",'Data Transaksi Servis'!Q2:Q101) | E22: =AVERAGEIF('Data Transaksi Servis'!G2:G101,"Servis Transmisi",'Data Transaksi Servis'!R2:R101) | F22: Non-AC

Sheet Analisis Regional
A1: ANALISIS KINERJA PER PROVINSI - MITRA TEKNIK OTOMOTIF
A2: Provinsi | B2: Jumlah Transaksi | C2: Total Pendapatan (Rp) | D2: Rata-rata Rating | E2: Kontribusi (%)
A3: DKI Jakarta | B3: =COUNTIF('Data Transaksi Servis'!F2:F101,"DKI Jakarta") | C3: =SUMIF('Data Transaksi Servis'!F2:F101,"DKI Jakarta",'Data Transaksi Servis'!Q2:Q101) | D3: =IFERROR(AVERAGEIF('Data Transaksi Servis'!F2:F101,"DKI Jakarta",'Data Transaksi Servis'!R2:R101),"-") | E3: =IFERROR(B3/SUM(B3:B14)*100,0)
A4: Jawa Barat | B4: =COUNTIF('Data Transaksi Servis'!F2:F101,"Jawa Barat") | C4: =SUMIF('Data Transaksi Servis'!F2:F101,"Jawa Barat",'Data Transaksi Servis'!Q2:Q101) | D4: =IFERROR(AVERAGEIF('Data Transaksi Servis'!F2:F101,"Jawa Barat",'Data Transaksi Servis'!R2:R101),"-") | E4: =IFERROR(B4/SUM(B3:B14)*100,0)
A5: Jawa Tengah | B5: =COUNTIF('Data Transaksi Servis'!F2:F101,"Jawa Tengah") | C5: =SUMIF('Data Transaksi Servis'!F2:F101,"Jawa Tengah",'Data Transaksi Servis'!Q2:Q101) | D5: =IFERROR(AVERAGEIF('Data Transaksi Servis'!F2:F101,"Jawa Tengah",'Data Transaksi Servis'!R2:R101),"-") | E5: =IFERROR(B5/SUM(B3:B14)*100,0)
A6: Jawa Timur | B6: =COUNTIF('Data Transaksi Servis'!F2:F101,"Jawa Timur") | C6: =SUMIF('Data Transaksi Servis'!F2:F101,"Jawa Timur",'Data Transaksi Servis'!Q2:Q101) | D6: =IFERROR(AVERAGEIF('Data Transaksi Servis'!F2:F101,"Jawa Timur",'Data Transaksi Servis'!R2:R101),"-") | E6: =IFERROR(B6/SUM(B3:B14)*100,0)
A7: DI Yogyakarta | B7: =COUNTIF('Data Transaksi Servis'!F2:F101,"DI Yogyakarta") | C7: =SUMIF('Data Transaksi Servis'!F2:F101,"DI Yogyakarta",'Data Transaksi Servis'!Q2:Q101) | D7: =IFERROR(AVERAGEIF('Data Transaksi Servis'!F2:F101,"DI Yogyakarta",'Data Transaksi Servis'!R2:R101),"-") | E7: =IFERROR(B7/SUM(B3:B14)*100,0)
A8: Banten | B8: =COUNTIF('Data Transaksi Servis'!F2:F101,"Banten") | C8: =SUMIF('Data Transaksi Servis'!F2:F101,"Banten",'Data Transaksi Servis'!Q2:Q101) | D8: =IFERROR(AVERAGEIF('Data Transaksi Servis'!F2:F101,"Banten",'Data Transaksi Servis'!R2:R101),"-") | E8: =IFERROR(B8/SUM(B3:B14)*100,0)
A9: Sumatera Utara | B9: =COUNTIF('Data Transaksi Servis'!F2:F101,"Sumatera Utara") | C9: =SUMIF('Data Transaksi Servis'!F2:F101,"Sumatera Utara",'Data Transaksi Servis'!Q2:Q101) | D9: =IFERROR(AVERAGEIF('Data Transaksi Servis'!F2:F101,"Sumatera Utara",'Data Transaksi Servis'!R2:R101),"-") | E9: =IFERROR(B9/SUM(B3:B14)*100,0)
A10: Sumatera Selatan | B10: =COUNTIF('Data Transaksi Servis'!F2:F101,"Sumatera Selatan") | C10: =SUMIF('Data Transaksi Servis'!F2:F101,"Sumatera Selatan",'Data Transaksi Servis'!Q2:Q101) | D10: =IFERROR(AVERAGEIF('Data Transaksi Servis'!F2:F101,"Sumatera Selatan",'Data Transaksi Servis'!R2:R101),"-") | E10: =IFERROR(B10/SUM(B3:B14)*100,0)
A11: Riau | B11: =COUNTIF('Data Transaksi Servis'!F2:F101,"Riau") | C11: =SUMIF('Data Transaksi Servis'!F2:F101,"Riau",'Data Transaksi Servis'!Q2:Q101) | D11: =IFERROR(AVERAGEIF('Data Transaksi Servis'!F2:F101,"Riau",'Data Transaksi Servis'!R2:R101),"-") | E11: =IFERROR(B11/SUM(B3:B14)*100,0)
A12: Bali | B12: =COUNTIF('Data Transaksi Servis'!F2:F101,"Bali") | C12: =SUMIF('Data Transaksi Servis'!F2:F101,"Bali",'Data Transaksi Servis'!Q2:Q101) | D12: =IFERROR(AVERAGEIF('Data Transaksi Servis'!F2:F101,"Bali",'Data Transaksi Servis'!R2:R101),"-") | E12: =IFERROR(B12/SUM(B3:B14)*100,0)
A13: Sulawesi Selatan | B13: =COUNTIF('Data Transaksi Servis'!F2:F101,"Sulawesi Selatan") | C13: =SUMIF('Data Transaksi Servis'!F2:F101,"Sulawesi Selatan",'Data Transaksi Servis'!Q2:Q101) | D13: =IFERROR(AVERAGEIF('Data Transaksi Servis'!F2:F101,"Sulawesi Selatan",'Data Transaksi Servis'!R2:R101),"-") | E13: =IFERROR(B13/SUM(B3:B14)*100,0)
A14: Kalimantan Timur | B14: =COUNTIF('Data Transaksi Servis'!F2:F101,"Kalimantan Timur") | C14: =SUMIF('Data Transaksi Servis'!F2:F101,"Kalimantan Timur",'Data Transaksi Servis'!Q2:Q101) | D14: =IFERROR(AVERAGEIF('Data Transaksi Servis'!F2:F101,"Kalimantan Timur",'Data Transaksi Servis'!R2:R101),"-") | E14: =IFERROR(B14/SUM(B3:B14)*100,0)
A15: TOTAL | B15: =SUM(B3:B14) | C15: =SUM(C3:C14) | D15: =AVERAGE('Data Transaksi Servis'!R2:R101) | E15: 100.0%

Sheet Monitoring Business Plan
A1: MONITORING & EVALUASI BUSINESS PLAN - MitraTeknik Otomotif 2024-2025
A2: Indikator KPI | B2: Target 2024 | C2: Realisasi 2024 | D2: % Pencapaian | E2: Target 2025 | F2: Realisasi YTD 2025 | G2: Status
A3: Jumlah Dealer Mitra Aktif | B3: 180 | C3: 195 | D3: =C3/B3*100 | E3: 220 | F3: 210 | G3: =IF(C3/B3>=1,"✓ Tercapai",IF(C3/B3>=0.9,"⚠ Hampir Tercapai","✗ Belum Tercapai"))
A4: Total Transaksi Servis | B4: 5000 | C4: 5340 | D4: =C4/B4*100 | E4: 6500 | F4: 2890 | G4: =IF(C4/B4>=1,"✓ Tercapai",IF(C4/B4>=0.9,"⚠ Hampir Tercapai","✗ Belum Tercapai"))
A5: Total Pendapatan (Rp Juta) | B5: 12500 | C5: 13200 | D5: =C5/B5*100 | E5: 16000 | F5: 7450 | G5: =IF(C5/B5>=1,"✓ Tercapai",IF(C5/B5>=0.9,"⚠ Hampir Tercapai","✗ Belum Tercapai"))
A6: Rata-rata Rating Kepuasan | B6: 4.2 | C6: 4.4 | D6: =C6/B6*100 | E6: 4.5 | F6: 4.5 | G6: =IF(C6/B6>=1,"✓ Tercapai",IF(C6/B6>=0.9,"⚠ Hampir Tercapai","✗ Belum Tercapai"))
A7: Jumlah Teknisi Tersertifikasi | B7: 350 | C7: 378 | D7: =C7/B7*100 | E7: 420 | F7: 395 | G7: =IF(C7/B7>=1,"✓ Tercapai",IF(C7/B7>=0.9,"⚠ Hampir Tercapai","✗ Belum Tercapai"))
A8: Jangkauan Provinsi | B8: 28 | C8: 30 | D8: =C8/B8*100 | E8: 34 | F8: 32 | G8: =IF(C8/B8>=1,"✓ Tercapai",IF(C8/B8>=0.9,"⚠ Hampir Tercapai","✗ Belum Tercapai"))
A9: Layanan AC (% dari total) | B9: 55 | C9: 58 | D9: =C9/B9*100 | E9: 60 | F9: 57 | G9: =IF(C9/B9>=1,"✓ Tercapai",IF(C9/B9>=0.9,"⚠ Hampir Tercapai","✗ Belum Tercapai"))
A10: Waktu Penyelesaian Rata-rata (jam) | B10: 3.5 | C10: 3.2 | D10: =C10/B10*100 | E10: 3 | F10: 3.1 | G10: =IF(C10/B10>=1,"✓ Tercapai",IF(C10/B10>=0.9,"⚠ Hampir Tercapai","✗ Belum Tercapai"))
A11: Tingkat Komplain (%) | B11: 5 | C11: 3.8 | D11: =C11/B11*100 | E11: 3 | F11: 2.9 | G11: =IF(C11/B11>=1,"✓ Tercapai",IF(C11/B11>=0.9,"⚠ Hampir Tercapai","✗ Belum Tercapai"))
A12: Pelatihan Teknisi (sesi/tahun) | B12: 24 | C12: 26 | D12: =C12/B12*100 | E12: 30 | F12: 14 | G12: =IF(C12/B12>=1,"✓ Tercapai",IF(C12/B12>=0.9,"⚠ Hampir Tercapai","✗ Belum Tercapai"))
